# Recorded differences between the routes of the paper's proofs (docs/paper_routes.tsv, extracted from the
# TeX) and of the Lean proofs (.lake/route_deps.tsv, written by scripts/Audit.lean), checked by
#   python3 scripts/route_check.py check docs/paper_routes.tsv --accept docs/route_differences.tsv
# Format: LABEL<TAB>±OTHER<TAB>reason. `-X`: the paper's proof cites X and the Lean proof does not reach it;
# `+X`: the Lean proof uses X and the paper's argument does not reach it. LABEL `*`: a result the paper uses
# throughout without citing it at each use. Departures are also documented in the docstrings and in
# REPORT.md (Section 7).
*	+lemma-P-is-non-isotropic-iff-W-1-and-W-2-are-transversal	standing step of the paper (§2.2, TeX l. 846: "The vanishing W₁ ∩ W₂ = (0) holds, by Lemma 2.2.1"): every later use of V_K = W₁ ⊕ W₂ for a non-isotropic plane P (Assumption2_4_1.isCompl, KSecant.isCompl_of_not_isIsotropic) goes through Lemma 2.2.1
thm-algebraicity	-conjecture-semiregular-twisted-sheaves-deform	assumed: §§7–9 (the deformation of the secant sheaves, Conjecture 7.3.9 for families of abelian varieties via [Buchweitz–Flenner]) are the named hypothesis SecantSheafDeformation, which the Lean proof uses where the paper uses them
thm-algebraicity	-lemma-semiregularity-of-twisted-sheaf-B	assumed: the semiregularity of the twisted sheaf B (§9) is part of the named hypothesis SecantSheafDeformation
lemma-3-dimensional-eigenvalues	-lemma-decomposition-into-4-direct-summands	the paper cites Lemma 2.2.6 (with Remark 2.2.5) only for the special case where I comes from a complex structure on X with P in the Hodge ring, then proves the general case without it (TeX l. 1640-1643); the Lean proof is the general argument
lemma-period-domain-is-an-adjoint-orbit	-lemma-coadjoint-orbit-embedds-as-open-subset-of-Grassmannian	departure authorized by the project owner (reasons 2 and 3; docstring of lemma4_0_2): direct transitivity of SO₊(V_ℝ)_f ≅ SU(n,n) on Ω_P instead of comparing the dimension of an adjoint orbit with that of Ω_P (dimensions of real-analytic orbits and Lie groups are not available)
lemma-period-domain-is-an-adjoint-orbit	-lemma-decomposition-into-4-direct-summands	same departure: the paper uses Lemma 2.2.6 to compute the dimension 2n² - 1 of the centralizer of I
lemma-period-domain-is-an-adjoint-orbit	-lemma-su-3-3	same departure: the paper uses Lemma 3.1.2 for dim SO₊(V_ℝ)_f = (2n)² - 1
thm-algebraicity	+cor-abelian-variety-of-weil-type	used implicitly by the paper: the proof deforms (X × X̂, η, h) in its component of the moduli of polarized abelian sixfolds of Weil type (TeX 6847), identified with Ω_P (TeX 443, §4), whose points are polarized and of Weil type by Cor 3.2.3; reached through the bridge weilDomain_eq_image_OmegaP
thm-algebraicity	+cor-kappa-class-is-Spin-V-P-invariant	the proof invokes the paragraph preceding the statement (TeX 6843 "as explained in the paragraph preceding the statement"), which uses Cor 1.3.2: κ(E) remains of Hodge type over the Weil-type locus (TeX 570); main_kappa_chE_hodge
thm-algebraicity	+lemma-3-dimensional-eigenvalues	used implicitly by the paper: the points of Ω_P are of Weil type (dim W_{i,ℂ} ∩ V^{1,0} = n) by Lemma 3.2.1 (TeX 1721, "ι is well defined, by Lemma 3.2.1"); reached through the bridge weilDomain_eq_image_OmegaP
thm-algebraicity	+lemma-ch-F-i-is-on-secant-to-spinor-variety	used implicitly by the paper: Cor 1.3.2 is applied (TeX 570) to the sheaf E of Thm 1.4.1 ("Keep the notation of Theorem 1.4.1", TeX 555), whose classes ch F_i lie in P by Lemma 8.2.1 (cited in Thm 1.4.1(1), TeX 506–507)
thm-algebraicity	+lemma-decomposition-into-4-direct-summands	used implicitly by the paper: X × X̂ is of Weil type by Lemma 2.2.6 (TeX 364); it is the base point of the deformation of Thm 1.4.1 and of the proof (productStructure_mem_OmegaP, through JX_mem_weilDomain)
thm-algebraicity	+lemma-kappa-3-is-linearly-independent-from-h-cube	used implicitly by the paper: Thm 1.4.1(4), which the proof cites (TeX 6845), is proved from Lemma 8.3.1 (TeX 515–516); and the rank 8d ≠ 0 of E needed for Cor 1.3.2 (TeX 570, Thm 1.4.1(2)) is computed in the formalization as part of Lemma 8.3.1 (lemma8_3_1_rank, TeX 4012)
thm-algebraicity	+prop-polarized-abelian-variety-of-Weil-type	used implicitly by the paper: (X × X̂, η, h) is a polarized abelian variety of Weil type by Prop 2.4.4 (TeX 357, 443, 3968), the setting of Thm 1.4.1 cited in the proof (productStructure_mem_OmegaP, through JX_mem_weilDomain)
lemma-Spin-V-P-invariant-classes-are-Hodge	+lemma-decomposition-into-4-direct-summands	used by the paper in the text the proof relies on: the type (n,n) of ⋀^{2n}W_i comes from Lemma 2.2.6 (TeX 986 "Lemma 2.2.6 states that the latter four are all n dimensional", TeX 1030); the extracted citations miss it
cor-abelian-variety-of-weil-type	+lemma-3-dimensional-eigenvalues	used implicitly by the paper: "of Weil type" needs dim(W_{i,ℂ} ∩ V^{1,0}) = n, which for I as in Cor 3.2.2 (ν(I) = 2n) is Lemma 3.2.1; the paper's proof (TeX 1699–1705) checks only the polarization condition
lemma-coadjoint-orbit-embedds-as-open-subset-of-Grassmannian	-lemma-decomposition-into-4-direct-summands	gap (reason 1), documented in lemma4_0_1_nonempty: the paper's non-emptiness argument (TeX 1743–1747: Prop 2.4.4 and Lemma 2.2.6 for the complex structure of X × X̂) covers only P = P_Θ (productStructure_mem_OmegaP follows it); for a general P the formalization uses the signature (n,n) of H (Lemma 3.1.2)
lemma-coadjoint-orbit-embedds-as-open-subset-of-Grassmannian	-prop-polarized-abelian-variety-of-Weil-type	same gap: Prop 2.4.4 is about P_Θ only (TeX 1370)
lemma-coadjoint-orbit-embedds-as-open-subset-of-Grassmannian	+lemma-su-3-3	same gap: for a general P, Ω_P is nonempty by the signature (n,n) of H (Lemma 3.1.2), documented in lemma4_0_1_nonempty
prop-extension-class-of-decreasing-filtration-of-spin-V-representations	-example-conjecture-holds-for-abelian-surfaces	departure (reason 2), authorized by the project owner, documented in proposition6_1_2: algebraic proof (Lemma 6.1.1, Remark 2.3.1/[Trautman], Lemma 6.3.2) instead of the reduction to abelian surfaces (Obata Th B; Lemma 6.2.5 with ideal sheaves and Verbitsky's Zariski density)
prop-extension-class-of-decreasing-filtration-of-spin-V-representations	+lemma-orlov-isomorphism-is-chevalley	same authorized departure (reason 2): the algebraic proof starts from φ' = Π ∘ φ̃ (Lemma 6.1.1)
prop-extension-class-of-decreasing-filtration-of-spin-V-representations	+lemma-phi-P-psi-P-inverse-is-PD-up-to-sign	same authorized departure (reason 2): Π = ±PD commutes with ⋀ρ_g by Lemma 6.3.2
ch-3-alpha-is-second-partial-of-J	+lemma-Spin-V-P-invariant-classes-are-Hodge	used by the paper: Lemma 2.2.7 in the text before the lemma (TeX 2416, "H² = H²_P + ℚΞ_P, by Lemma 2.2.7") and for "β_k … is hence a non-zero scalar multiple of Ξ_P^k" (TeX 2458); also used to fill the (1,1)-type gap (documented)
ch-3-alpha-is-second-partial-of-J	+lemma-phi-P-psi-P-inverse-is-PD-up-to-sign	departure (reason 2), documented in lemma6_2_3: the paper's complete-reducibility step (TeX 2462–2464) is repaired by the Spin(V)_P-invariant pairing ∫x∧y∧h^{2n−2k−2}, nondegenerate on β_k ∪ H² by sl₂ injectivity and Poincaré duality (Lemma 6.3.2)
ch-3-alpha-is-second-partial-of-J	+prop-extension-class-of-decreasing-filtration-of-spin-V-representations	gap (reason 1), documented in lemma6_2_3: the (1,1) type of ℓ asserted in the statement (TeX 2427) is not proved in the paper; ℓ + ½c₁(𝒫) is Spin(V)_P-invariant by Prop 6.1.2, hence a Hodge class by Lemma 2.2.7. Prop 6.1.2 is used for nothing else here
example-conjecture-holds-for-abelian-surfaces	-ch-3-alpha-is-second-partial-of-J	departure (reason 2), part of the authorized departure for Prop 6.1.2, documented in lemma6_2_5: Lemma 6.2.5 is the case n = 2 of the algebraic Prop 6.1.2; the paper's route (ideal sheaves, [M1 Prop 11.2], Lemma 6.2.3/Remark 6.2.4, (6.1.9), Verbitsky's Zariski density) needs sheaves and Zariski density
example-conjecture-holds-for-abelian-surfaces	+prop-extension-class-of-decreasing-filtration-of-spin-V-representations	same departure: lemma6_2_5 is proposition6_1_2 at n = 2
lemma-phi-P-psi-P-inverse-is-PD-up-to-sign	-lemma-nu-equal-tilde-varphi	the paper cites Lemma 6.3.1 only for notation ("Keep the notation of the proof of Lemma 6.3.1", TeX 2821) and uses the footnote formulas of that proof ([Huybrechts L 9.23]); the Lean proof uses those formulas (psiPinvShift_basis, huybrechts_lemma9_23_Xhat), not the statement of Lemma 6.3.1
lemma-kappa-3-is-linearly-independent-from-h-cube	+cor-kappa-class-is-Spin-V-P-invariant	used implicitly by the paper: the statement calls κ₃ "Spin(V)_P-invariant" (TeX 3973), and the step "κ(Φ(F₁⊠F₁)) belongs to the subring generated by powers of h" (TeX 4015–4016) needs the invariance of all of κ, which is Cor 1.3.2
lemma-kappa-3-is-linearly-independent-from-h-cube	+lemma-centralizer-of-rho-Spin-V-P	the paper's h is an invariant class by definition (TeX 3968); the Lean takes h = Ξ_P^♯, invariant because ρ(Spin(V_ℚ)_P) commutes with f, which the paper attributes to Lemma 2.2.4 (TeX 1240)
lemma-kappa-3-is-linearly-independent-from-h-cube	+lemma-ch-F-i-is-on-secant-to-spinor-variety	used implicitly by the paper: "Keep the notation of Lemma 8.2.1" (TeX 3965); the proof's ch(F₁) = ½[(λ₁+λ₂) + (λ₁−λ₂)/√−d] (TeX 3985–3988) is Lemma 8.2.1's ch F₁ = α + β
lemma-imaginary-quadratic-field-is-centralizer-sixfold-case	-lemma-secant-to-spinor-variety	the Lean proof reaches Lemma 10.1.1 through Remark 10.1.2(2) (remark10_1_2_rational, which has no TeX label and cites lemma10_1_1_rational): σ permutes the two pure spinor lines of P_w because P_w is defined over ℚ, the paper's "The pair {W₁, W₂} is invariant under σ, since P_w is, by Lemma 10.1.1" (TeX 9796); the route tool does not follow unlabelled results
